 Name,URL,,,,,,
MYAL,https://myal.vercel.app/newly-added-apps/,,,,,,
FMHY,https://fmhy.net/mobile,https://fmhy-tracker.pages.dev/,,,,,
MORPHE,https://awesome-morphe.vercel.app/#whats-new,https://www.reddit.com/r/MorpheApp/comments/1ta0bek/how_to_patch_more_apps_with_morphe/,,,,,
MOVIES,https://uhdmovies.rodeo/,https://dramaday.me/,https://subsource.net,https://search.extto.com/,,
OBTAINIUM,https://apps.obtainium.imranr.dev,,,,,,
REVIEWS,https://www.gsmarena.com/reviews.php3,https://www.notebookcheck.net/Reviews.55.0.html?&items_per_page=100&hide_youtube=1&hide_external_reviews=1&showHighlightedTags=1&tagArray[]=10&typeArray[]=1&id=55,https://www.trustedreviews.com/reviews/mobile-phones,https://www.techadvisor.com/review/phones,https://www.yankodesign.com/category/reviews/,,






